[
  {
    "id": 2,
    "name": "qaaa",
    "DateOfBirth": "12-Apr-2019",
    "Gender": "Male",
    "Designation": "g",
    "City": "y",
    "State": "f",
    "Postcode": "1111111111",
    "PhoneNumber": 1111111111,
    "EmailAddress": "hy@gmail.com",
    "DateOfJoining": "12-May-2020",
    "TotalExperience": "2 years and 11 months",
    "Remarks": "h",
    "Department": "HR",
    "MonthlySalary": 300000.0
  },
  {
    "id": 3,
    "name": "gtt",
    "DateOfBirth": "12-Mar-2019",
    "Gender": "Male",
    "Designation": "f",
    "City": "g",
    "State": "t",
    "Postcode": "3333333333",
    "PhoneNumber": 3333333333,
    "EmailAddress": "tt@gmail.com",
    "DateOfJoining": "12-May-2020",
    "TotalExperience": "2 years and 11 months",
    "Remarks": "g",
    "Department": "Development",
    "MonthlySalary": 200000.0
  },
  {
    "id": 4,
    "name": "fttt",
    "DateOfBirth": "12-May-2019",
    "Gender": "Female",
    "Designation": "g",
    "City": "t",
    "State": "r",
    "Postcode": "4444444444",
    "PhoneNumber": 5555444433,
    "EmailAddress": "h@gmail.com",
    "DateOfJoining": "12-May-2020",
    "TotalExperience": "2 years and 11 months",
    "Remarks": "g",
    "Department": "SEO",
    "MonthlySalary": 90000.0
  },
  {
    "id": 5,
    "name": "swwwww",
    "DateOfBirth": "12-Mar-2017",
    "Gender": "Male",
    "Designation": "gt",
    "City": "r",
    "State": "r",
    "Postcode": "2222222222",
    "PhoneNumber": 2222222222,
    "EmailAddress": "gt@gmail.com",
    "DateOfJoining": "12-Mar-2018",
    "TotalExperience": "5 years and 1 months",
    "Remarks": "h",
    "Department": "SEO",
    "MonthlySalary": 80000.0
  },
  {
    "id": 6,
    "name": "ty",
    "DateOfBirth": "12-Mar-2012",
    "Gender": "Male",
    "Designation": "f",
    "City": "g",
    "State": "h",
    "Postcode": "1111111111",
    "PhoneNumber": 1111111111,
    "EmailAddress": "gt@gmail.com",
    "DateOfJoining": "12-Mar-2018",
    "TotalExperience": "5 years and 1 months",
    "Remarks": "t",
    "Department": "HR",
    "MonthlySalary": 67000.0
  },
  {
    "id": 7,
    "name": "ttttttttt",
    "DateOfBirth": "12-May-2019",
    "Gender": "Male",
    "Designation": "gt",
    "City": "w",
    "State": "e",
    "Postcode": "6666666666",
    "PhoneNumber": 6666666666,
    "EmailAddress": "yhh@gmail.com",
    "DateOfJoining": "12-Mar-2020",
    "TotalExperience": "3 years and 1 months",
    "Remarks": "h",
    "Department": "QA",
    "MonthlySalary": 67000.0
  },
  {
    "id": 8,
    "name": "sohamsoham",
    "DateOfBirth": "12-Mar-2017",
    "Gender": "Male",
    "Designation": "d",
    "City": "f",
    "State": "g",
    "Postcode": "1222222222",
    "PhoneNumber": 4563736363,
    "EmailAddress": "fr@gmail.com",
    "DateOfJoining": "12-Mar-2020",
    "TotalExperience": "3 years and 1 months",
    "Remarks": "g",
    "Department": "SEO",
    "MonthlySalary": 56000.0
  },
  {
    "id": 9,
    "name": "soham",
    "DateOfBirth": "12-May-2020",
    "Gender": "Male",
    "Designation": "d",
    "City": "f",
    "State": "v",
    "Postcode": "111111",
    "PhoneNumber": 4444444444,
    "EmailAddress": "ww@gmail.com",
    "DateOfJoining": "12-Mar-2021",
    "TotalExperience": "2 years and 1 months",
    "Remarks": "f",
    "Department": "Development",
    "MonthlySalary": 35000.0
  },
  {
    "id": 1,
    "name": "kp",
    "DateOfBirth": "12-Mar-1999",
    "Gender": "Male",
    "Designation": "g",
    "City": "f",
    "State": "r",
    "Postcode": "2222222222",
    "PhoneNumber": 2222222222,
    "EmailAddress": "gt@gmail.com",
    "DateOfJoining": "12-Mar-2019",
    "TotalExperience": "4 years and 1 months",
    "Remarks": "g",
    "Department": "QA",
    "MonthlySalary": 25000.0
  }
]