[
  {
    "Id": 1,
    "name": "a",
    "DateOfBirth": "2020-03-12",
    "Gender": "Female",
    "Designation": "a",
    "City": "s",
    "State": "d",
    "Postcode": "d",
    "PhoneNumber": 1272622542,
    "EmailAddress": "frd@gmail.com",
    "DateOfJoining": "2020-03-12",
    "TotalExperience": "37",
    "Remarks": "a",
    "Department": "HR",
    "MonthlySalary": 80000.0
  },
  {
    "Id": 2,
    "name": "a",
    "DateOfBirth": "2019-03-12",
    "Gender": "Male",
    "Designation": "g",
    "City": "h",
    "State": "d",
    "Postcode": "233445",
    "PhoneNumber": 1272827272,
    "EmailAddress": "aq@gmail.com",
    "DateOfJoining": "2021-05-12",
    "TotalExperience": "23",
    "Remarks": "r",
    "Department": "QA",
    "MonthlySalary": 55990.0
  },
  {
    "Id": 3,
    "name": "gt",
    "DateOfBirth": "2020-03-12",
    "Gender": "Male",
    "Designation": "d",
    "City": "f",
    "State": "g",
    "Postcode": "122334",
    "PhoneNumber": 2383736353,
    "EmailAddress": "fr@gmail.com",
    "DateOfJoining": "0001-01-01",
    "TotalExperience": "3 years and 1 months",
    "Remarks": "g",
    "Department": "Development",
    "MonthlySalary": 55000.0
  },
  {
    "Id": 4,
    "name": "wew",
    "DateOfBirth": "2021-05-12",
    "Gender": "Male",
    "Designation": "d",
    "City": "f",
    "State": "g",
    "Postcode": "123445",
    "PhoneNumber": 1272826272,
    "EmailAddress": "gt@gmail.com",
    "DateOfJoining": "2020-05-12",
    "TotalExperience": "35",
    "Remarks": "t",
    "Department": "SEO",
    "MonthlySalary": 55000.0
  },
  {
    "Id": 5,
    "name": "alok",
    "DateOfBirth": "2021-03-12",
    "Gender": "Female",
    "Designation": "f",
    "City": "d",
    "State": "s",
    "Postcode": "233445",
    "PhoneNumber": 1272625242,
    "EmailAddress": "de@gmail.com",
    "DateOfJoining": "2019-03-12",
    "TotalExperience": "49",
    "Remarks": "g",
    "Department": "QA",
    "MonthlySalary": 48000.0
  },
  {
    "Id": 6,
    "name": "we",
    "DateOfBirth": "2021-03-12",
    "Gender": "Male",
    "Designation": "d",
    "City": "f",
    "State": "g",
    "Postcode": "122334",
    "PhoneNumber": 1272826272,
    "EmailAddress": "fr@gmail.com",
    "DateOfJoining": "2020-05-12",
    "TotalExperience": "35",
    "Remarks": "r",
    "Department": "HR",
    "MonthlySalary": 46000.0
  },
  {
    "Id": 7,
    "name": "eee",
    "DateOfBirth": "2020-03-12",
    "Gender": "Male",
    "Designation": "S",
    "City": "D",
    "State": "F",
    "Postcode": "122334",
    "PhoneNumber": 2345644554,
    "EmailAddress": "DE@GMAIL.in",
    "DateOfJoining": "0001-01-01",
    "TotalExperience": "2 years and 11 months",
    "Remarks": "s",
    "Department": "SEO",
    "MonthlySalary": 45000.0
  },
  {
    "Id": 8,
    "name": "shiv",
    "DateOfBirth": "2020-03-12",
    "Gender": "Male",
    "Designation": "f",
    "City": "d",
    "State": "s",
    "Postcode": "122334",
    "PhoneNumber": 1272625242,
    "EmailAddress": "fr@gmail.com",
    "DateOfJoining": "0001-01-01",
    "TotalExperience": "4",
    "Remarks": "g",
    "Department": "QA",
    "MonthlySalary": 45000.0
  },
  {
    "Id": 9,
    "name": "de",
    "DateOfBirth": "2021-03-12",
    "Gender": "Male",
    "Designation": "f",
    "City": "g",
    "State": "r",
    "Postcode": "122333",
    "PhoneNumber": 2222222222,
    "EmailAddress": "de@gmail.com",
    "DateOfJoining": "2022-05-12",
    "TotalExperience": "11",
    "Remarks": "g",
    "Department": "Marketing",
    "MonthlySalary": 45000.0
  },
  {
    "Id": 10,
    "name": "soham",
    "DateOfBirth": "2021-03-12",
    "Gender": "Male",
    "Designation": "f",
    "City": "r",
    "State": "s",
    "Postcode": "122334",
    "PhoneNumber": 1223435363,
    "EmailAddress": "de@gmail.com",
    "DateOfJoining": "2021-05-12",
    "TotalExperience": "23",
    "Remarks": "d",
    "Department": "Development",
    "MonthlySalary": 45000.0
  },
  {
    "Id": 11,
    "name": "qwa",
    "DateOfBirth": "2021-03-12",
    "Gender": "Male",
    "Designation": "a",
    "City": "s",
    "State": "d",
    "Postcode": "433221",
    "PhoneNumber": 1235637383,
    "EmailAddress": "de@gmail.com",
    "DateOfJoining": "2021-05-12",
    "TotalExperience": "23",
    "Remarks": "f",
    "Department": "Development",
    "MonthlySalary": 45000.0
  },
  {
    "Id": 12,
    "name": "as",
    "DateOfBirth": "2021-05-12",
    "Gender": "Male",
    "Designation": "a",
    "City": "s",
    "State": "d",
    "Postcode": "122334",
    "PhoneNumber": 1262527282,
    "EmailAddress": "se@gmail.com",
    "DateOfJoining": "2021-05-12",
    "TotalExperience": "23",
    "Remarks": "f",
    "Department": "Development",
    "MonthlySalary": 45000.0
  },
  {
    "Id": 13,
    "name": "soham",
    "DateOfBirth": "2019-05-12",
    "Gender": "Female",
    "Designation": "developer",
    "City": "ahmedabad",
    "State": "gujarat",
    "Postcode": "a",
    "PhoneNumber": 1234565656,
    "EmailAddress": "soham@gmail.com",
    "DateOfJoining": "2018-03-15",
    "TotalExperience": "61",
    "Remarks": "aa",
    "Department": "Development",
    "MonthlySalary": 45000.0
  },
  {
    "Id": 14,
    "name": "soham",
    "DateOfBirth": "2019-05-12",
    "Gender": "Female",
    "Designation": "developer",
    "City": "ahmedabad",
    "State": "gujarat",
    "Postcode": "a",
    "PhoneNumber": 1234565656,
    "EmailAddress": "soham@gmail.com",
    "DateOfJoining": "2018-03-15",
    "TotalExperience": "61",
    "Remarks": "aa",
    "Department": "Development",
    "MonthlySalary": 45000.0
  },
  {
    "Id": 15,
    "name": "de",
    "DateOfBirth": "2021-05-12",
    "Gender": "Female",
    "Designation": "f",
    "City": "d",
    "State": "s",
    "Postcode": "122334",
    "PhoneNumber": 1234536373,
    "EmailAddress": "rf@gmail.com",
    "DateOfJoining": "2021-05-12",
    "TotalExperience": "23",
    "Remarks": "r",
    "Department": "QA",
    "MonthlySalary": 43000.0
  },
  {
    "Id": 16,
    "name": "wwwww",
    "DateOfBirth": "2021-05-12",
    "Gender": "Male",
    "Designation": "a",
    "City": "s",
    "State": "d",
    "Postcode": "344556",
    "PhoneNumber": 2334546474,
    "EmailAddress": "de@gmail.com",
    "DateOfJoining": "2020-05-12",
    "TotalExperience": "35",
    "Remarks": "fr",
    "Department": "Development",
    "MonthlySalary": 34000.0
  },
  {
    "Id": 17,
    "name": "krinal",
    "DateOfBirth": "2001-05-12",
    "Gender": "Male",
    "Designation": "a",
    "City": "d",
    "State": "s",
    "Postcode": "s",
    "PhoneNumber": 1272622542,
    "EmailAddress": "fr@gmail.com",
    "DateOfJoining": "2020-03-12",
    "TotalExperience": "37",
    "Remarks": "g",
    "Department": "QA",
    "MonthlySalary": 34000.0
  },
  {
    "Id": 18,
    "name": "krinal",
    "DateOfBirth": "2001-05-12",
    "Gender": "Male",
    "Designation": "a",
    "City": "d",
    "State": "s",
    "Postcode": "s",
    "PhoneNumber": 1272622542,
    "EmailAddress": "fr@gmail.com",
    "DateOfJoining": "2020-03-12",
    "TotalExperience": "37",
    "Remarks": "g",
    "Department": "QA",
    "MonthlySalary": 34000.0
  },
  {
    "Id": 19,
    "name": "dee",
    "DateOfBirth": "2000-05-12",
    "Gender": "Male",
    "Designation": "d",
    "City": "f",
    "State": "g",
    "Postcode": "122334",
    "PhoneNumber": 1236535353,
    "EmailAddress": "de@gmail.com",
    "DateOfJoining": "2021-03-12",
    "TotalExperience": "25",
    "Remarks": "r",
    "Department": "QA",
    "MonthlySalary": 33000.0
  },
  {
    "Id": 20,
    "name": "abc",
    "DateOfBirth": "2021-05-12",
    "Gender": "Male",
    "Designation": "a",
    "City": "d",
    "State": "c",
    "Postcode": "122334",
    "PhoneNumber": 2343536373,
    "EmailAddress": "we@gmail.com",
    "DateOfJoining": "2020-03-12",
    "TotalExperience": "37",
    "Remarks": "e",
    "Department": "Development",
    "MonthlySalary": 30000.0
  }
]