[
  {
    "EmployeeID": 1,
    "Name": "Krinal",
    "DOB": "2000-03-14T00:00:00",
    "Gender": 0,
    "Designation": "Developer",
    "City": "Unjha",
    "State": "Gujrat",
    "Postcode": "384170",
    "PhoneNumber": "9408494033",
    "Email": "krinalpatel940@gmail.com",
    "DateOfJoining": "02-Jan-2023",
    "TotalExperience": "0 years ,3 months",
    "Remarks": "Great Work",
    "Department": "Development",
    "MonthlySalary": 50000.0
  },
  {
    "EmployeeID": 3,
    "Name": "Marshil",
    "DOB": "2000-03-18T00:00:00",
    "Gender": 0,
    "Designation": "HR",
    "City": "Ahmedabad",
    "State": "Gujrat",
    "Postcode": "388456",
    "PhoneNumber": "9485623699",
    "Email": "marshilpatel1803@gmail.com",
    "DateOfJoining": "20-Jun-2020",
    "TotalExperience": "2 years ,10 months",
    "Remarks": "Excellent",
    "Department": "HR",
    "MonthlySalary": 50000.0
  },
  {
    "EmployeeID": 8,
    "Name": "Test",
    "DOB": "2000-03-14T00:00:00",
    "Gender": 1,
    "Designation": "Tester",
    "City": "Amd",
    "State": "guj",
    "Postcode": "384655",
    "PhoneNumber": "8895556663",
    "Email": "k@13.com",
    "DateOfJoining": "14-Oct-2004",
    "TotalExperience": "18 years ,6 months",
    "Remarks": "good",
    "Department": "QA",
    "MonthlySalary": 45500.0
  },
  {
    "EmployeeID": 6,
    "Name": "Patel",
    "DOB": "2002-10-10T00:00:00",
    "Gender": 0,
    "Designation": "CEO",
    "City": "Unjha",
    "State": "Gujrat",
    "Postcode": "384170",
    "PhoneNumber": "8866478107",
    "Email": "np2491032@gmail.com",
    "DateOfJoining": "10-Jan-2020",
    "TotalExperience": "3 years ,3 months",
    "Remarks": "Extra Ordinary",
    "Department": "Marketing",
    "MonthlySalary": 45000.5
  },
  {
    "EmployeeID": 12,
    "Name": "Demo",
    "DOB": "2000-03-14T00:00:00",
    "Gender": 0,
    "Designation": "dev",
    "City": "unjha",
    "State": "gujrat",
    "Postcode": "3841a89",
    "PhoneNumber": "9408494033",
    "Email": "kp@gmail.org",
    "DateOfJoining": "14-Mar-2020",
    "TotalExperience": "3 years ,1 months",
    "Remarks": "Good",
    "Department": "SEO",
    "MonthlySalary": 45000.25
  },
  {
    "EmployeeID": 4,
    "Name": "Renish",
    "DOB": "2020-02-29T00:00:00",
    "Gender": 0,
    "Designation": "BD",
    "City": "Mehasana",
    "State": "Gujrat",
    "Postcode": "384512",
    "PhoneNumber": "8894652356",
    "Email": "renishpatel88@bd.org",
    "DateOfJoining": "14-Dec-2022",
    "TotalExperience": "0 years ,4 months",
    "Remarks": "Extra Ordinary",
    "Department": "Sales",
    "MonthlySalary": 30000.0
  },
  {
    "EmployeeID": 9,
    "Name": "tests",
    "DOB": "2000-03-14T00:00:00",
    "Gender": 1,
    "Designation": "sda",
    "City": "dsf",
    "State": "dfs",
    "Postcode": "222333",
    "PhoneNumber": "2222333355",
    "Email": "sa@2145.com",
    "DateOfJoining": "14-mar-2020",
    "TotalExperience": "3 years ,1 months",
    "Remarks": "goods",
    "Department": "HR",
    "MonthlySalary": 25000.0
  },
  {
    "EmployeeID": 2,
    "Name": "Shivam",
    "DOB": "2000-04-01T00:00:00",
    "Gender": 0,
    "Designation": "QA",
    "City": "Unjha",
    "State": "Gujrat",
    "Postcode": "384170",
    "PhoneNumber": "7041752752",
    "Email": "shivamsathwara@77.com",
    "DateOfJoining": "01-Jan-2022",
    "TotalExperience": "1 years ,3 months",
    "Remarks": "Good",
    "Department": "QA",
    "MonthlySalary": 15000.0
  },
  {
    "EmployeeID": 7,
    "Name": "Patel",
    "DOB": "2000-03-14T00:00:00",
    "Gender": 1,
    "Designation": "Developer",
    "City": "Palanpur",
    "State": "Gujrat",
    "Postcode": "384956",
    "PhoneNumber": "8889994445",
    "Email": "patel@jaysardar.org",
    "DateOfJoining": "14-Jul-2005",
    "TotalExperience": "17 years ,9 months",
    "Remarks": "Best Performer",
    "Department": "QA",
    "MonthlySalary": 15000.0
  },
  {
    "EmployeeID": 5,
    "Name": "Henil",
    "DOB": "1999-05-15T00:00:00",
    "Gender": 0,
    "Designation": "SEO",
    "City": "Gandhinagar",
    "State": "Gujrat",
    "Postcode": "385566",
    "PhoneNumber": "9965465646",
    "Email": "henilpatel43@seo.in",
    "DateOfJoining": "28-Feb-2023",
    "TotalExperience": "0 years ,2 months",
    "Remarks": "Best'",
    "Department": "SEO",
    "MonthlySalary": 11000.0
  },
  {
    "EmployeeID": 10,
    "Name": "KP",
    "DOB": "1999-05-15T00:00:00",
    "Gender": 0,
    "Designation": "SEO",
    "City": "Gandhinagar",
    "State": "Gujrat",
    "Postcode": "385566",
    "PhoneNumber": "9965465646",
    "Email": "henilpatel43@seo.in",
    "DateOfJoining": "28-Feb-2023",
    "TotalExperience": "0 years ,2 months",
    "Remarks": "Best'",
    "Department": "SEO",
    "MonthlySalary": 11000.0
  }
]