[
  {
    "EmployeeId": 3,
    "Name": "krocds",
    "DateOfBirth": "2000-03-14T00:00:00",
    "Gender": "Male",
    "Designation": "sbdhja",
    "City": "dsgf",
    "State": "dgf",
    "Postcode": "dgfs",
    "PhoneNumber": "4565565655",
    "Email": "k@123.com",
    "DateOfJoining": "14-mar-2005",
    "TotalExperience": "18 years ,1 months",
    "Remarks": "ad",
    "Department": "SEO",
    "MonthlySalary": 50000.0
  },
  {
    "EmployeeId": 2,
    "Name": "Shivam",
    "DateOfBirth": "2001-04-25T00:00:00",
    "Gender": "Male",
    "Designation": "QA",
    "City": "Unjha",
    "State": "Gujrat",
    "Postcode": "384170",
    "PhoneNumber": "7778886665",
    "Email": "s@123.org",
    "DateOfJoining": "14-apr-2024 ",
    "TotalExperience": "No Experience..!!",
    "Remarks": "Good",
    "Department": "QA",
    "MonthlySalary": 15000.0
  },
  {
    "EmployeeId": 2,
    "Name": "Shivam",
    "DateOfBirth": "2001-04-25T00:00:00",
    "Gender": "Female",
    "Designation": "QA",
    "City": "Unjha",
    "State": "Gujrat",
    "Postcode": "384170",
    "PhoneNumber": "7778886665",
    "Email": "s@123.org",
    "DateOfJoining": "14-apr-2024 ",
    "TotalExperience": "No Experience..!!",
    "Remarks": "Good",
    "Department": "QA",
    "MonthlySalary": 15000.0
  },
  {
    "EmployeeId": 4,
    "Name": "Ram",
    "DateOfBirth": "2000-01-14T00:00:00",
    "Gender": "Male",
    "Designation": "sjd",
    "City": "df",
    "State": "dgf",
    "Postcode": "236565564",
    "PhoneNumber": "4587895484",
    "Email": "vmcdf@12.com",
    "DateOfJoining": "14-jan-2001",
    "TotalExperience": "22 years ,3 months",
    "Remarks": "f",
    "Department": "Marketing",
    "MonthlySalary": 11000.0
  }
]